3.924880,7.363412,7.073915
7.739460,6.453360,8.066205
6.379217,9.061654,9.002781
6.397573,7.974984,6.075531
5.764744,7.421517,6.282761
9.138295,8.675697,8.947702
4.811593,6.730988,6.469683
5.189073,6.582152,8.356661
5.012552,8.219790,8.390992
3.894978,8.661010,7.835112
7.119228,7.412406,7.547379
8.775777,8.302871,9.366378
7.238330,7.705394,7.265965
6.862501,7.904759,8.723841
6.922217,6.262191,8.446487
7.172598,6.400599,7.883062
7.064098,6.829678,8.458704
6.575801,7.847759,8.440810
5.227711,6.352835,7.023711
9.224716,9.655787,8.806038
5.022727,8.075476,7.923591
6.386305,8.088024,6.530040
8.572316,7.095323,7.903844
3.694250,6.911933,6.476613
6.788604,8.013268,8.332471
5.811891,5.639476,7.134148
9.711864,9.323920,8.104388
4.523509,8.130132,8.526008
9.291631,8.334110,8.436203
7.164367,6.651446,6.726860
8.338475,8.519083,10.831825
6.707531,8.273762,9.341167
8.114685,7.871035,7.008185
6.262680,5.971172,9.000956
7.805291,6.702795,10.837412
6.880110,7.718525,8.632241
5.088093,6.201052,9.897561
5.892325,8.080326,8.924892
7.124028,9.298755,8.564893
6.464966,7.007303,9.733155
4.717151,5.300510,8.145370
6.378744,7.865816,8.275368
6.732183,7.482915,9.704885
5.942471,7.544753,7.365640
5.597752,7.916052,5.240860
3.719285,6.551261,6.020708
4.072833,5.466635,5.323960
5.231603,7.049797,6.731713
8.517306,9.712670,11.042459
6.385908,5.751287,7.362504
8.074658,9.915629,8.075873
6.467492,6.618940,6.071086
8.957751,9.590223,7.904623
8.955154,8.148002,7.253174
7.377652,8.092719,7.451595
6.262160,10.280922,8.402313
6.280213,6.927824,7.908138
6.285247,6.891320,6.792114
9.037081,7.524138,9.879971
6.951264,6.318506,9.655461
6.893081,8.131498,8.997756
8.343010,6.023414,10.560145
3.914550,6.625662,8.454741
7.548905,8.683681,8.457660
6.577542,7.637097,6.688779
6.321644,5.963100,7.690253
5.339843,6.861366,8.736392
6.331019,7.632886,8.539717
3.221518,5.589810,7.118744
4.930584,8.302911,8.212170
7.842698,8.109387,9.299391
5.180164,6.529402,5.698506
7.253338,7.209704,6.830868
7.325693,6.719657,7.952318
9.249934,9.689550,8.391223
7.902283,10.548134,7.144325
5.778771,7.130872,7.865512
7.118312,7.883151,10.855589
8.964753,8.142877,8.061385
7.513667,7.626582,8.190157
6.876879,7.411881,7.355798
5.580257,7.338586,6.911875
10.050179,8.990781,8.356989
8.295831,7.880854,10.772713
6.505904,7.824802,6.966341
3.743357,7.024255,5.530484
5.667361,7.090658,6.939987
8.678167,8.700833,6.682321
7.573477,8.576643,8.131396
6.708897,8.305789,7.248754
4.367493,6.683805,7.153830
7.764412,7.297056,7.964518
5.854429,5.195121,8.534871
7.614570,8.925065,7.594565
6.237621,7.763151,8.115228
5.101550,7.435513,7.487279
8.715843,7.439207,7.639036
6.027383,7.957378,8.992776
6.938456,6.629793,8.289644
5.635408,6.685349,5.355445
6.161317,8.865659,8.368308
3.197430,6.607293,8.785591
7.876041,8.595839,8.578304
4.675963,6.494420,6.975412
3.773285,5.070346,5.644213
8.578996,8.602674,9.994481
8.648530,9.012752,9.783381
8.114953,9.835841,7.261309
5.677732,8.202731,6.943686
6.405104,7.392399,8.900273
7.727658,7.898520,9.367219
5.743819,6.002532,9.973672
8.564197,7.884565,8.246959
6.798961,7.947981,9.015971
4.812283,7.092104,7.904196
5.951907,6.955702,7.694300
4.305033,6.565373,7.568280
7.939434,7.976285,9.269762
5.220675,7.093973,8.603042
6.511319,5.595348,7.986033
9.137794,7.909860,9.924772
6.321519,6.173554,7.912141
4.578780,7.025494,8.155277
8.149141,7.372121,8.236445
7.490858,9.651989,7.731819
4.996236,9.888832,6.990347
8.499499,8.756211,9.023360
8.611088,8.490173,7.672557
4.756559,6.293832,5.733091
5.097236,6.355187,7.924594
6.842156,8.135826,10.088061
5.324618,5.412889,5.903273
5.679968,7.170263,6.979323
6.359161,8.739890,8.600098
7.586064,6.733894,5.890412
5.901226,7.903921,6.884063
4.231593,7.412181,7.593538
5.042936,6.839163,8.180065
4.261646,6.562249,7.494035
5.123564,7.402225,7.476299
6.353888,7.816664,5.281683
5.475104,5.135427,9.787394
3.291198,6.295611,6.930621
5.463368,8.494114,6.508803
7.226790,5.658617,9.756714
8.823629,8.941302,8.611654
6.489220,7.708411,9.368830
9.582005,8.088275,8.982597
6.625228,6.095849,7.758577
5.026491,9.087387,6.875259
5.867025,6.781215,6.796176
5.406407,6.845982,7.842977
5.442278,6.586182,6.858692
5.880417,8.572934,7.135510
9.479865,8.737161,9.761113
8.963757,7.799548,7.930873
5.224019,8.496548,9.823165
6.087833,9.214738,7.883834
6.093635,6.681422,8.305211
9.329294,9.586251,9.608518
3.294401,6.458669,6.901355
6.268946,8.145239,7.576930
2.370289,4.827297,7.313616
6.777069,6.337129,8.629259
8.567500,10.134731,7.715583
8.401394,8.764759,8.446829
5.975575,8.369368,8.947650
9.239513,8.163274,8.544176
9.986220,8.194354,6.790757
4.250663,5.649278,6.532205
9.124967,7.672876,8.777044
6.802348,7.666378,6.124424
3.106770,7.509271,10.126619
5.127177,7.510998,7.019432
4.080307,7.483396,9.298129
3.809971,9.237521,9.980021
2.072579,5.897400,6.978315
5.037654,6.662726,6.704182
7.088873,7.838156,7.308075
7.659449,8.412828,6.272230
8.410662,6.027772,8.380890
7.590340,9.182884,7.520166
7.872915,7.745374,8.532606
10.051024,8.668335,9.761319
8.765797,9.051992,7.709824
4.921498,7.770904,7.035632
3.430355,6.789891,6.554697
10.319383,8.735186,8.762180
5.786212,7.939777,9.221845
4.204997,8.320728,8.892999
8.782267,7.905720,9.000493
4.767145,6.686133,8.633335
7.664003,8.380499,8.245242
6.482486,8.318197,6.178769
9.451345,9.336603,9.144666
6.420008,8.310108,10.174716
10.306653,10.734907,9.200820
7.420649,8.154573,8.416677
8.044488,8.095913,9.462857
6.025368,6.002367,7.154618
8.456884,7.764180,7.692442
5.820948,6.749425,7.268126
6.438168,6.564883,6.096204
6.475758,6.666603,7.305863
7.190764,6.870406,8.119863
7.663911,6.473656,7.727728
7.301415,8.549490,8.325381
5.786887,6.856345,8.568685
7.739962,8.429576,8.461274
8.973383,7.235314,7.924061
8.989536,7.012016,7.790269
4.059881,4.520008,8.430110
4.793175,6.404482,6.452918
5.075156,9.506020,7.543902
2.751498,7.774811,8.393933
7.877555,9.547796,8.447339
9.857556,10.342545,9.005317
6.095961,5.985303,7.694577
8.137133,8.916042,7.410236
5.657715,5.830880,6.761925
8.069619,9.028809,6.917883
9.140102,10.095756,7.085045
4.229087,7.967375,6.545687
3.456910,7.891401,7.704115
7.915342,7.748765,9.039902
2.729996,6.125632,7.457347
6.916429,8.014408,7.605697
4.960797,6.119347,6.436050
7.629403,7.934531,9.115861
7.168281,7.907685,6.675168
3.676582,5.948969,7.839972
7.419914,8.588709,9.263565
4.037900,5.393667,5.759351
7.929510,6.256262,7.039612
7.043666,8.696628,9.569329
7.592410,6.186349,8.190966
6.290092,7.400580,6.697964
5.433185,7.715586,7.946423
5.239878,6.946414,6.669821
5.482628,6.585245,9.337498
6.618531,5.992370,7.927307
4.153624,6.284536,9.292446
5.739704,8.043523,8.855779
9.447096,8.572482,6.417078
6.807556,6.782824,8.891504
3.516565,6.356369,7.046074
4.910366,6.737766,7.014507
6.302997,7.050206,6.581266
10.081451,9.369807,8.026261
3.536682,6.932725,9.150622
4.089615,6.672490,7.546187
6.196463,9.285926,7.941935
6.346248,6.044605,9.081029
8.531067,7.447808,9.837298
6.038406,8.238575,6.768844
8.716477,7.827256,6.135648
4.837947,6.100265,9.275513
5.974003,6.172231,7.627704
3.789243,8.642337,9.353860
6.499752,6.440308,8.582285
7.377863,8.762139,8.438917
6.939154,6.935604,8.175972
5.914050,8.156589,7.375405
10.385891,10.434702,7.063815
6.672065,8.219978,9.867882
3.686581,7.047798,5.465447
7.665130,7.234716,8.452612
8.044015,7.675895,9.273774
3.978673,5.517174,8.418178
8.367603,9.782383,8.328841
4.446291,7.523154,7.539149
6.210872,7.298320,7.431873
11.894723,9.395530,8.971023
6.663336,7.754510,8.225734
5.554413,7.337670,6.859173
6.479737,7.734868,5.320590
5.453628,6.486462,9.925947
4.632764,6.369881,7.894148
6.895257,7.770992,9.565230
7.267620,8.090399,10.603953
9.850150,8.389427,8.884325
6.450581,7.847712,10.410673
6.844530,8.775119,6.371828
6.092050,8.244398,6.537706
8.763317,9.885538,8.633068
3.154404,5.964986,9.805783
4.836010,6.789905,7.846872
4.308628,8.257352,6.663705
6.115852,8.298912,8.154827
4.807778,6.383576,7.657438
4.133247,7.594833,5.607862
7.106991,8.299445,9.416011
6.307105,5.487066,7.369706
5.353103,8.098604,11.346272
7.760976,9.870554,6.788495
5.568330,8.462936,8.518317
9.184022,6.992633,11.221795
6.927008,8.160885,6.121025
9.390403,8.971466,7.632594
6.285261,8.175706,6.472944
6.750558,7.607720,6.675752
4.652693,7.650139,8.466814
4.449508,5.906753,6.406350
7.813715,8.396725,7.593812
3.994079,7.558510,8.638866
9.619403,7.104762,10.505642
7.654203,8.633039,9.929279
7.027137,6.997599,8.842343
8.844345,8.360743,9.649783
5.225059,8.946251,8.824470
5.303967,8.053638,6.297599
6.612429,8.200094,6.797261
8.377981,9.812643,9.882629
6.295856,9.842232,6.550307
6.670379,8.533124,6.608470
8.206787,7.018374,8.598765
10.318754,8.785804,9.454045
5.208362,5.797245,7.264848
5.233899,6.490600,6.361440
8.267477,6.718676,7.493504
4.324481,6.177400,7.370564
7.599629,7.822567,5.996626
3.739769,5.569843,8.164829
4.914193,6.023883,7.250202
7.242163,6.288820,6.230084
8.032573,9.460070,10.161763
5.083385,6.149698,7.928542
5.278097,4.456288,7.532511
7.132264,8.163820,6.479794
6.444971,6.954821,7.869048
5.485629,5.789114,6.745762
3.571480,6.604720,6.374137
6.829133,6.555022,8.441635
9.034406,8.430259,9.487751
8.019201,9.477026,8.446850
4.888938,4.547945,6.046848
5.930210,4.664333,8.222569
8.833284,8.232134,8.058380
7.758188,8.724837,7.534669
8.265937,8.445901,7.724024
8.297523,8.649248,7.822399
7.324652,7.283900,8.738079
8.422472,9.807071,8.649487
7.954608,7.281171,8.810101
5.881974,6.869605,8.470636
7.934195,7.734327,8.925663
10.280340,8.003733,8.695410
5.486119,5.933586,7.158147
6.947078,8.514083,8.982560
5.802842,5.967289,7.621161
5.821791,7.496794,7.814988
6.569516,5.318045,9.196185
8.375281,7.329274,8.934944
9.031509,7.415144,8.238633
5.711756,9.164900,8.722188
6.720609,6.813629,6.070833
9.343500,7.883998,7.793837
7.271305,8.567994,8.885624
5.633601,4.973990,8.664305
5.347547,5.201558,6.710853
4.798755,5.948460,5.997430
5.334732,6.503693,7.081051
5.443445,7.046069,6.144283
6.676393,7.195955,11.008901
8.803872,9.078302,8.628976
8.010593,10.023974,9.145489
7.385667,7.748005,8.865175
6.245037,7.989319,8.331834
6.032703,8.019678,8.385243
6.891867,7.209880,6.262565
5.537505,9.651080,9.827752
8.357802,8.764277,8.522841
6.434517,7.572643,7.718497
4.718234,6.070356,8.906576
4.527151,7.628685,9.539934
5.711849,7.983771,7.943903
7.156760,8.435295,7.458066
9.506093,8.073761,5.717049
6.943923,6.859983,7.382265
5.265679,9.025279,8.247158
4.889492,5.009377,6.367327
4.780433,8.364981,5.355993
7.435581,7.520191,8.966321
2.013042,6.807763,8.207575
5.789929,7.474502,7.727709
6.284312,6.085402,6.811995
4.971562,7.608859,9.111426
6.901632,8.057358,8.218247
6.496719,8.070752,10.429894
10.005978,11.802377,8.075875
7.418276,7.405472,6.593763
8.436708,6.791340,9.461189
7.783783,8.629316,8.668188
6.584979,8.622030,8.699762
4.898143,6.956730,6.519642
5.136263,6.574742,10.684126
6.727873,7.936888,8.500630
7.587214,6.556826,10.583657
6.158654,6.379352,6.440541
5.768126,6.616606,7.623941
7.088436,8.180910,8.300102
4.928238,7.647437,6.462057
4.295740,8.131908,8.353120
6.931292,5.691337,7.204873
6.066321,6.341180,6.320111
6.742100,7.773087,8.054417
3.651307,6.816314,7.149388
5.561213,6.417030,5.931367
7.538689,6.595312,8.588739
9.589335,6.583819,9.860474
8.279688,6.614142,7.980803
5.743848,5.685512,8.067346
9.928849,8.105759,8.529665
9.085979,7.110174,7.823598
7.988954,8.989968,6.789645
5.182528,6.716043,6.499764
6.069244,7.537497,8.368294
7.419377,10.434382,9.045411
6.277717,6.306260,9.796079
5.700587,8.213876,6.556046
6.623956,8.383279,10.486610
5.494809,6.144610,6.623693
6.185774,6.962762,7.522011
4.695470,7.151962,9.287276
6.603748,7.429124,10.243884
7.072114,8.454680,9.558439
6.474436,7.115951,6.836745
6.138121,7.511587,7.173433
5.761329,6.274285,8.334918
9.838465,9.091541,8.734291
5.212296,6.395540,7.064671
6.455121,8.102614,5.961938
6.122849,7.098632,8.511329
7.930988,8.005931,7.724445
7.465351,6.970558,8.575172
6.370295,6.363323,7.114066
5.114052,6.766847,7.365962
5.610077,7.115738,8.394053
8.059292,7.945024,8.658297
7.241911,11.444184,6.379099
5.736062,6.902046,8.488091
4.048409,5.956170,7.095921
8.311505,10.588431,8.325585
6.963858,7.673499,9.496524
5.175213,9.079329,8.413053
7.764318,7.816645,6.456080
4.982949,6.446768,7.208759
4.657715,7.851392,9.897673
7.599709,7.928137,7.732134
6.703262,8.754401,8.343112
8.503155,5.942417,8.636271
5.717422,10.881147,10.046863
6.656440,7.701369,8.226238
4.766831,5.884857,6.030342
8.682654,9.519639,8.325800
4.191859,6.273745,5.952967
7.732289,10.830668,8.472205
5.688738,6.580472,7.686975
5.920369,7.246807,7.487418
7.421685,9.043171,8.491699
6.313678,6.631136,5.539417
6.530534,7.809264,8.755377
2.343826,5.751118,7.671508
8.153776,7.348805,9.179562
7.578579,7.715221,8.711238
6.244297,6.656828,8.093009
8.890765,8.002915,7.450454
9.211092,6.617275,7.986046
4.274295,6.662206,7.940154
4.993638,4.549831,8.301044
6.788660,5.491700,9.800881
3.229804,5.983086,8.865116
6.255675,6.919317,8.781738
4.258080,3.761755,7.100763
7.431243,8.492606,8.816241
7.733510,7.458042,9.178414
5.532560,6.846700,6.831197
3.328813,7.375815,7.570899
8.236677,7.895639,8.417660
8.978157,8.866939,8.275493
7.431800,7.724220,7.345651
10.279124,7.263005,8.858229
9.661835,9.308633,6.784627
3.507469,4.993295,7.268407
3.265394,8.178507,7.302953
6.571980,6.370571,8.856778
5.996832,7.471790,6.350876
6.601997,7.291425,7.393779
7.619850,5.032665,8.346428
7.977760,8.459229,7.629801
7.523299,4.885190,7.638831
5.540918,8.368493,8.384488
8.299419,8.939435,7.942883
4.569202,7.267999,6.677401
8.444434,7.977368,7.457900
8.194534,9.255877,8.961552
5.444891,6.464020,7.852878
6.124368,9.162389,9.693810
8.357975,9.634969,9.471374
7.036459,8.852572,9.038010
6.882618,8.358875,7.492020
5.512838,9.666793,7.088194
6.452408,8.458863,8.658394
9.166718,9.588579,8.206700
9.621178,10.905325,6.705081
6.057412,7.575195,8.554998
5.582115,6.820572,7.372397
7.787340,6.548881,10.806863
5.856900,6.344281,5.511625
4.024431,6.580055,9.173671
7.355384,6.943234,7.883722
9.120342,9.125246,7.090124
8.770821,8.215942,7.253130
6.303257,5.854910,8.428815
5.254417,7.563773,8.525677
5.860138,5.748948,9.246011
9.178327,9.103546,8.611187
3.178711,6.585959,8.540835
7.568661,6.417963,7.581272
8.706525,9.599672,8.524781
6.430925,8.252370,7.294903
4.260540,7.151846,8.887972
5.675541,7.239311,7.830593
10.398611,8.925709,8.123889
4.430924,6.642584,6.798981
6.599062,6.650647,5.811436
6.433510,8.053429,7.918727
6.683292,8.890353,8.973832
7.137949,8.358630,8.038948
7.939668,9.035792,7.956415
9.034833,10.123729,7.779348
6.726817,6.970594,6.645034
9.036811,8.502608,9.004597
9.087867,7.544666,6.285708
9.752467,9.583334,8.898536
7.969602,9.864954,10.399591
3.959807,5.971168,8.206556
7.944240,6.202074,6.680046
7.640105,9.083615,7.561166
3.517027,5.284919,6.974303
5.851724,7.349053,7.431383
8.143712,7.399006,10.260638
5.389202,6.821163,7.697561
4.171124,7.400254,8.132189
7.930